PN,DESIGNATION,UR,QTE,SUPPORT
71481,RING OIL SEAL,EA,20,AS202
75906,GASKET,EA,22,AS202
AN6230B6,PACKING,EA,100,AS202
AN960-616L,WASHER,HD,886,AS202
AN960-816,"WASHER,FLAT",EA,177,AS202
68518,WASHER LOCK,EA,44,AS202
AN960-8,WASHER FLAT,HD,1203,AS202
90-33,NUT AND WASHER,EA,8,AS202
AN960C716,WASHER,EA,21,AS202
MS21044-N16,NUT,EA,4,AS202
A8944-632-24A,NUT,EA,0,AS202
MS35649-2252,NUT PLAIN HEXAGON,HD,89,AS202
MS21047L08,NUT,EA,160,AS202
MS21051L08,NUT SELF LOCKING,EA,50,AS202
MS21047L3,NUT,EA,39,AS202
2600-LW,WASHER,EA,13,AS202
AN960-10,"WASHER,FLAT",EA,3715,AS202
AN3-3A,BOLT,EA,624,AS202
NAS1104-7,BOLT,EA,60,AS202
ALA 20JS,BOLT,EA,33,AS202
NAS144-23,BOLT,EA,53,AS202
AN5-12A,BOLT,EA,254,AS202
AN176C6,BOLT,EA,3,AS202
AN3-40A,BOLT,EA,86,AS202
395-8249,BOLT,EA,9,AS202
STD-1323,BOLT HEXAGON HEAD,N,12,AS202
NAS145-DH14,"INTERNAL,WRENCHING BOLT",EA,26,AS202
AN24-15A,BOLT,EA,5,AS202
AN177-24,BOLT MACHINE,EA,4,AS202
NAS1105-11D,BOLT,EA,24,AS202
AN5-17A,BOLT MACHINE,EA,8,AS202
AN24-15,BOLT,EA,48,AS202
AN178-15A,BOLT,EA,15,AS202
AN178-14A,BOLT,EA,1,AS202
NAS1104-10D,BOLT SHEAR,EA,0,AS202
NAS1105-10D,BOLT,EA,27,AS202
AN3-3,BOLT,EA,7,AS202
AN3C3A,BOLT machine,HD,0,AS202
AN24-12A,BOLT,EA,194,AS202
AN3H3A,"BOLT,MACHINE",HD,90,AS202
AN3-5A,BOLT,EA,355,AS202
AN4-14,BOLT,EA,72,AS202
AN4-7A,"BOLT,MACHINE",EA,145,AS202
AN176-11A,BOLT,EA,3,AS202
AN3-11A,BOLT MACHINE,EA,156,AS202
AN4-11,BOLT,EA,680,AS202
AN4-14A,BOLT MACHINE,HD,1376,AS202
AN3-17A,BOLT,EA,264,AS202
AN3-10A,"BOLT,MACHINE",EA,68,AS202
AN3-12A,BOLT,EA,348,AS202
AN3-14A,BOLT,EA,109,AS202
AN3-16A,BOLT,EA,275,AS202
AN3-CH10A,BOLT,EA,90,AS202
AN4-21A,BOLT,EA,191,AS202
AN3-7A,BOLT,EA,2593,AS202
AN4-34A,BOLT,EA,31,AS202
AN5-16,BOLT MACHINE,EA,133,AS202
AN176H12,BOLT,EA,4,AS202
AN5-20,BOLT,EA,48,AS202
AN4-5,BOLT,EA,271,AS202
AN3-13,BOLT,EA,320,AS202
AN5-16A,BOLT,EA,149,AS202
AN5-13A,BOLT,EA,125,AS202
AN5-11A,BOLT,HD,133,AS202
AN176H14,"BOLT ,HEXAGON",EA,16,AS202
AN4-7,BOLT,EA,370,AS202
MS35206-263,SCREW,EA,2554,AS202
AN4-13A,"BOLT,MACHINE",EA,81,AS202
AN4-6A,"BOLT,MACHINE",HD,380,AS202
AN3-11,BOLT,EA,300,AS202
AN3-10,BOLT,EA,223,AS202
AN3-4,SCREW,EA,290,AS202
AN4-5A,BOLT MACHINE,EA,110,AS202
AN3-13A,"BOLT,MACHINE",HD,668,AS202
202-19.205,BOLT,EA,5,AS202
71620,BOLT,EA,3,AS202
AN4-10A,BOLT MACHINE,EA,60,AS202
AN178-12A,BOLT,EA,14,AS202
AN3-H3A,BOLT,EA,6,AS202
AN520-10R16,"SCREW, MACHINE",HD,807,AS202
MS24693-C47,SCREW MACHINE,HD,161,AS202
MS24693S274,SCREW,EA,64,AS202
MS51958-62,SCREW,EA,203,AS202
AN502-10-8,SCREW MACHINE,EA,139,AS202
MS24694S6,SCREW MACHINE,EA,27,AS202
MS27039-0822,SCREW,EA,11,AS202
MS24693-C272,SCREW,HD,103,AS202
MS51862-3,"SCREW,TAPPING",EA,16,AS202
MS51861-22,SCREW,EA,8,AS202
MS51957-28,"SCREW,MACINE",EA,53,AS202
MS35190-256,"SCREW,MACHINE",EA,5,AS202
MS51861-24,"SCREW,TAPPING",HD,81,AS202
MS51861-26,"SCREW,TAPPING",HD,198,AS202
MS51861-14,SCREW,EA,268,AS202
MS35214-44,SCREW MACHINE,EA,30,AS202
MS27261KSP4,BEARING,EA,0,AS202
62922,PACKING,EA,14,AS202
60053,SEAL SHROUD TUBE,EA,84,AS202
S4-200SS,LOCK SPRING TURN,EA,20,AS202
MS20221-A1,PULLEY,EA,18,AS202
MS24462-5,BEARING ROLLER NEED,EA,26,AS202
LSS8,BEARING,EA,17,AS202
NR0451,GROMMMET RUBBER,EA,53,AS202
AN804-D6,TEE,EA,1,AS202
MS35489-1,GROMMET,HD,454,AS202
MS27039-1-26,SCREW,EA,28,AS202
NAS1096-2-6,SCREW,EA,31,AS202
MS20822-6-2D,ELBOW,EA,3,AS202
MS20822-8D,EL BOW,EA,3,AS202
AN894D4-3,"ADAPTER,STRAIGHT",EA,3,AS202
AN827-6D,FITTING,EA,4,AS202
1K1-6-10,ELBOW,EA,1,AS202
AN960PD10,"WASHER,FLAT",HD,121,AS202
004-003081-017,WASHER FLAT,HD,5051,AS202
69345,SPACER TUBE SPRING,EA,17,AS202
60096,GASKET FUEL PUMP,EA,7,AS202
72053,GASKET,EA,9,AS202
62224,GASKET,EA,19,AS202
SA.205-8.097-11,GASKET,EA,19,AS202
MS35206-243,SCREW MACHINE,HD,58,AS202
S.205-8-114.17,BOLT,EA,2,AS202
AN837-4,ELBOW,EA,1,AS202
26S8-4,STUD ASSY,EA,24,AS202
26R6-1BB,RECEPTACLE,EA,30,AS202
AN960D716L,WASHER,EA,446,AS202
AN777-80,EL BOW UNIVERSAL 75?,EA,5,AS202
GA4-250,GROMMET,HD,301,AS202
MS35489-13,GROMMET,EA,29,AS202
AN960-516,WASHER,EA,312,AS202
AW4-25,"STUD,TURNLOCK FASTE",EA,5,AS202
HE 1526-2,GASKET SEALING,EA,7,AS202
DIN 7603,COOPER ASBETO5 16,EA,2,AS202
20503,FITTING CROSS,EA,6,AS202
MS20002-4,WASHER FLAT,EA,261,AS202
AN960PD10L,"WASHER,FLAT",HD,92,AS202
NAS146-DH14,INTERNAL WRENCHING BOLT,EA,16,AS202
MS20002C4,WASHER,HD,198,AS202
MS9048-100,PIN,EA,188,AS202
MS9048-104,PIN,EA,93,AS202
AN975-4,WASHER,HD,567,AS202
A1638-4,WASHER,EA,73,AS202
AN960C10L,"WASHER,FLAT",EA,291,AS202
CM6274,STUD RING,EA,1,AS202
OR102,O.RING,EA,16,AS202
OR112,O.RING,EA,16,AS202
OR122,O.RING,EA,23,AS202
OR4100,O.RING,EA,32,AS202
68510,STUD,EA,4,AS202
A-1381,WASHER,EA,28,AS202
BN12564,NUT,EA,12,AS202
202-18-651-20,FETTING,EA,3,AS202
AN960PD8,WASHER,EA,474,AS202
AN960PD6L,WASHER,HD,557,AS202
AN960PD416L,"WASHER,FLAT",HD,436,AS202
S205-8-114.15,THREADED BOLT,EA,2,AS202
AN960C10,WASHER,HD,150,AS202
AN960-4L,"WASHER,FLAT",HD,168,AS202
AN960PD4,WASHER,HD,532,AS202
AN840-60,ADAPTER,EA,4,AS202
AN960-916,"WASHER,FLAT",EA,991,AS202
AN960-616,WASHER FLAT,EA,1664,AS202
AN960PD6,WASHER,EA,223,AS202
SA205-9-039,WASHER,EA,0,AS202
ALD21,SPACER,EA,3,AS202
LW-16266-10-13,CLAMP,EA,6,AS202
AN960PD1216,NUT,HD,200,AS202
202-11.329.12,SCREW,EA,21,AS202
AN176-12,"BOLT,HEXAGON HEAD",EA,86,AS202
AMP163306-4,SOCKET,EA,7,AS202
MS24523-26,"SWITCH, TOGGLE",EA,2,AS202
202-19.632,DAMPER,EA,9,AS202
202-11-022-18,COVERING TRAY,EA,4,AS202
ALE1012LS,BRUSH,EA,9,AS202
6246-00218,OIL T? INDICATOR,EA,4,AS202
AMP1-480305-0,HOUSING PIN,EA,4,AS202
STD1821,HOSE 3/8X2-1/2 IN. LONG,EA,16,AS202
2 H 3-12,VACUUM REGULATING VALVE,EA,3,AS202
202-18.384,SAFIN CLIPS,EA,44,AS202
202-15-029B,PIPE CLIP,EA,5,AS202
MBG2012CS,BRUSH SET STARTER,EA,2,AS202
SA.202-13013-11,TRUSS,EA,3,AS202
202-15.706.17,RUBBER BAND,EA,1,AS202
202-18.260.12,FLAP POSITION INDICATOR,EA,1,AS202
LW-11485,TUBE PUSH ROD SHROUD,EA,8,AS202
75036-0003,DIODE,EA,4,AS202
SA-205-6-099-13,SPACER,EA,3,AS202
LW-13751,TEE,EA,1,AS202
202-19.026.11,COVER,EA,4,AS202
202-19-026-11,COVER,EA,7,AS202
202-17.329,SPACER,EA,40,AS202
MS25201-6,SWITCH TOGGLE,EA,1,AS202
200-30,IGNITION LEADS,EA,4,AS202
200-33,IGNITION LEADS,EA,8,AS202
202-18.722.12,FLEXIBLE HOSE,EA,17,AS202
202-18.322,COVER VALVE,EA,5,AS202
202-18.320.43,PLATE JUNCTION,EA,2,AS202
202-18.320.41,ANGLE BRACKET LH,EA,1,AS202
202-18.320.42,ANGLE BRACKET RH,EA,1,AS202
199-46,KIT HARDWARE,EA,1,AS202
6246-00216,AMMETER,EA,0,AS202
SK202-2011,MODIFICATION,EA,4,AS202
06E19769-1.00,GASKET,EA,100,AS202
MS20392-2C41,PIN,EA,100,AS202
GE1976,BULB,EA,7,AS202
202-19-026,BUSHING,EA,4,AS202
GE-330,BULB,EA,2,AS202
LW-10077,SEAT VALVE SPRING UPPER,EA,2,AS202
NR51287,MASSE KABEL,FT,2,AS202
STD-1872,INSERT HELI-COIL TAPER P>,EA,8,AS202
6246-00217,CYLINDER HEAD T? INDIC,EA,4,AS202
MS25041-2,PRESS TO TEST INDICATOR,EA,6,AS202
10-391411,BLOCK DISTRIBUTOR,EA,10,AS202
MS20664C2,"BALL END, WIRE ROPE",EA,38,AS202
202-18.862.11,PLATE RESISTOR,EA,18,AS202
202-18.862-11,PLATINE,EA,3,AS202
21682,MOUNT SHOCK,EA,3,AS202
202-18-300P1,JUMPER L 100,EA,8,AS202
MBG-2012S,BRUSH SET,EA,0,AS202
75025-0009,DIODE,EA,4,AS202
74637,BUSHING VALVE ROCKER EXH>,EA,9,AS202
75609-0001,TRANSISTOR,EA,3,AS202
77907,SPACER 33/64X7/8X3 IN,EA,2,AS202
LW-13323,SEAT VALVE SPRING LOWER,EA,4,AS202
LW-14910,COUPLING,EA,4,AS202
202-18-972A,RELAY,EA,0,AS202
202-11.330.11,BRAKET,EA,10,AS202
202-18.859.12,GROUND CONNECTION TRUNK CABLE,EA,1,AS202
202-11-326-19A,STIRRUP,EA,2,AS202
202-11.022.16,LOCK NUT,EA,10,AS202
MS21260S5LH,TERMINAL WIRE,EA,36,AS202
202-18.650.24,EL BOW,EA,10,AS202
MS21260S4LH,TERMINAL WIRE,EA,21,AS202
74151,NOZZLE INJECTION,EA,9,AS202
8140-12,SOCKET,EA,2,AS202
202-11-357-14,SPRING,EA,2,AS202
TYPE55JOINTBALL&S,TYPE 55 JOINT BALL&SOCKET,EA,0,AS202
SA.202-19108-11,FLANGE,EA,4,AS202
A515,PERSSURE RELIEF INDICATOR,N,32,AS202
LW-19296,GASKET,EA,8,AS202
202-15.666.17,RUBBER BAND,EA,2,AS202
202-15 052 15,HING JOINT,EA,3,AS202
20TC2-AC15,CIRCUIT BREAKER,EA,10,AS202
20TC2-AC-15,CIRCUIT BREAKER,EA,2,AS202
MS-13998-3,CAP VALVE STEM EXHAUST,EA,10,AS202
MS-13997-3,KEY VALVE EXHAUST,EA,34,AS202
RMBNR-714,BALL BEARING,EA,4,AS202
202-16.119.13,SPACER,EA,3,AS202
202-16-620.11,BELL RANK,EA,8,AS202
202-18.691.19,FILTER,EA,14,AS202
3060-00018,OIL PRESSURE TRANSSMITTER,EA,0,AS202
6246-00181,OIL PRESSURE INDIC,EA,4,AS202
SAZ 4201E,RELAY STARTER 12V,EA,1,AS202
82889-0004,SET SCREW HEX SOCKET,EA,30,AS202
65441,SEAT VALVE ENGINE POP,EA,3,AS202
ALE-1013AS,BRUSH SET ELECTRICAL,EA,9,AS202
90-2014,SRE BEARING,EA,7,AS202
081-00200,"SEAT, BLEEDER",EA,9,AS202
SK202-1445,BATTERY HOLDER,EA,1,AS202
SL2048,ANNIET  ISOLAT,EA,46,AS202
88204-0001,KNOB MHZ,EA,4,AS202
200-42,IGNITION LEADS,EA,4,AS202
77852,OIL FILTER BASE ASSY,EA,1,AS202
202-18-295.16,FLAP POSITION TRANS,EA,20,AS202
PN1512,BULB,EA,18,AS202
202-16.153,BUSHING,EA,2,AS202
202-15.052.31,U-SHAPE,N,1,AS202
73938,VALVE INTAKE,EA,1,AS202
PN1524,BULB 24V,EA,2,AS202
SA.202-18112-07,SECTION  PIPE,EA,4,AS202
202-16.610.12,FORK HEAD,EA,1,AS202
FST034-3424,FUSE 5A,EA,8,AS202
202-11.020-13,EXHAUST BRAEKET,EA,6,AS202
202-11.356.12,ROLLS PULLEY,N,11,AS202
LW-12892,"THRUST,BUTTON,ROCKER SHAF",EA,12,AS202
202-11.148,RAIL SEAT,EA,5,AS202
TM2S6,MOUNTING BASE TIE DO,EA,148,AS202
70484,OIL SECTION HOLE,EA,2,AS202
202-11.020.19,RING,EA,5,AS202
202-11.329.13,PIECE RUBBER STRIP,EA,5,AS202
202-16.171.12,GRUB SCREW,EA,13,AS202
202-16.204,CONTROL LINKAGE,EA,2,AS202
202-16.306.16,CABLE,EA,4,AS202
202-18.001.12,BUSHING,EA,20,AS202
442.828,INDICATOR,EA,0,AS202
LW-12098-0-140,TUBE ASSY,EA,2,AS202
LW-12098-0-210,TUBE ASSY,EA,2,AS202
202-18-259.12,GLASS PROTECTIVE,EA,1,AS202
202-11.367.15,PULLEY,EA,6,AS202
202-11.355.13,PULLEY RULL,EA,16,AS202
68759,TUBE ASSY,EA,1,AS202
88207-0001,KNOB VOL ON OFF IDENT,EA,14,AS202
88203-0001,KNOB OBS KHZ,EA,2,AS202
202-11.334.12,PIECE RUBBER STRIP,EA,6,AS202
MLDCR1/3N,BATTERY  NON  RECHARGEABLE,EA,20,AS202
202-18.010.14,NUT,EA,4,AS202
MS20667-5,TERMINAL WIRE,EA,33,AS202
10110 M,SCREW VIBREX,EA,32,AS202
0813526,HANDLE,EA,1,AS202
31-S-094-0750,"PIN,SPRING",EA,76,AS202
SS12ET31-102L3,TAGLE SWITCH,EA,1,AS202
202-18.520.12,GLAMPING RING,EA,5,AS202
116D-3,TEMP SENSOR,EA,4,AS202
202-16.620,BELL CRANK ASSY,EA,1,AS202
202-18.520.23,PIN HOUSING ASSY,EA,9,AS202
103-11600,BOLT,EA,0,AS202
202-18.259.11,HOUSING INSTRUMENT,EA,5,AS202
202-16.103-14,CABLE LH,EA,2,AS202
MS28741-3-0153,HOSE,EA,0,AS202
W-1285 PR-14,NAVIGATION LIGHT LH,EA,1,AS202
15F19957-36,ROD ASSY,EA,2,AS202
10-349367,COUPLING,EA,2,AS202
LW-10076,SEAT VALVE SPRING UPPER,EA,7,AS202
A-4555A-12,INSTRUMENT LIGHTING,EA,4,AS202
202-16.318,END.FORK,EA,1,AS202
10-382585,CONTACT ASSY RH,EA,29,AS202
AMP1-480283-0,HOUSSING SOCKET,EA,8,AS202
8140-49,SOCKET HOUSING,EA,5,AS202
202-16.306-17,CABLE,EA,1,AS202
25C-9,STUD,EA,3,AS202
202-18.648.11,BRACKET ANGLE,EA,2,AS202
LW-13755,BREATHER TEE ASSY,EA,4,AS202
202-11-326-15A,STIRRUP,EA,2,AS202
B-2480,FILLER PLATE,EA,0,AS202
202-12.202.23,LEVER,EA,2,AS202
69116,GAGE ASSEMBLY,EA,1,AS202
32059-0004,RESISTOR,EA,3,AS202
17F19353,ROCKER ASSY VALVE INTAKE,EA,4,AS202
88214-0001,KNOB LARGE,EA,11,AS202
88215-0001,KNOB SMALL,EA,6,AS202
ART GCNW6-400,HOSE,EA,4,AS202
202-18.700.18,PIECE CONNECTING,EA,14,AS202
202-18.520.11,MOUNTING RING,EA,2,AS202
AMP1-480319-0,HOUSING PIN,EA,100,AS202
68760,TUBE ASSY,EA,4,AS202
202-15.663.15,RUBBER BAND,EA,3,AS202
202-18.460.11,TUBE OUTLET LH,EA,8,AS202
202-11.350.13,"CHANNEL,GUIDE BAR,LH",EA,4,AS202
202-18.460.24,WIRE,EA,2,AS202
73964,TUBE ASSY FUEL MANIFOLD,EA,3,AS202
202-18.970,BATTERY RELAY,EA,1,AS202
68517,SPRING SHOUD TUBE,EA,11,AS202
202-16.107.11,CABLE,EA,7,AS202
A2138-R-24,NAVIGATION LIGHT LH,EA,0,AS202
X17621,RELAY OVER VOLTAGE,EA,1,AS202
KB-4E-SSFN,BEARING,EA,2,AS202
SAZ-4401C,STARTER RELAY,EA,1,AS202
12000-0014,"LAMP MARKER 5V 0,115",EA,15,AS202
12000-0027,LAMP 14V,EA,19,AS202
12009-0001,SOCKET LAMP,EA,15,AS202
202-18.450.27,OULET.AIR LH,EA,1,AS202
202-18.325,PARKING BRAKE VALVE,EA,3,AS202
202-11-021-13,EXHAUT BRAKET,EA,3,AS202
202-18.030.14,TUBE EXIT RH,EA,2,AS202
202-15.664.12,REINFORCEMENT,EA,1,AS202
69603,HOSE,EA,15,AS202
ALU-1045BS,"BRUSH, HOLDER AND SPRING A",EA,0,AS202
202-19.215,BUSHING,EA,7,AS202
NR694,BELLOWS,EA,5,AS202
70310,SEAL SHROUD TUBE,EA,3,AS202
72058,SEAT VALVE EXHAUST,EA,4,AS202
72057,SEAT VALVE INTAKE,EA,4,AS202
200-24,IGNITION LEADS,EA,4,AS202
200-27,IGNITION LEADS,EA,4,AS202
200-36,IGNITION LEADS,EA,3,AS202
200-39,IGNITION LEADS,EA,4,AS202
202-16.610.11,FORK HEAD,EA,1,AS202
AMP 1-480319-0,"HOUSSING, PIN",EA,2,AS202
202-18.030.13,HOSE,EA,1,AS202
9520448,PLUG MACHINE THREAD,EA,18,AS202
8896K1 NAF,"HANDLE,CONTROL COLUMN ASY",EA,1,AS202
202-19.223,BUSHING,EA,0,AS202
202-18-864,VOLTAGE REGULATOR,EA,4,AS202
202-18.100.17,HOSE,EA,1,AS202
SCHOGU 2700,HARNESS,EA,6,AS202
202-18.460.19,THERMO TUBE,EA,10,AS202
202-15-076,TUBE,EA,16,AS202
202-15.640.10,"EXHAUST,MUFFLER",EA,3,AS202
202-15.023.20,JACKET,EA,0,AS202
202-19.607,"ROD,GUIDE,ASSY",EA,8,AS202
202-15.028,PIPE,EA,2,AS202
202-19.614,ROCHER ARM RH,EA,0,AS202
06-16955,LINING,EA,36,AS202
066-03000,LINING,EA,0,AS202
202-13.238,RIB REAR STA,EA,1,AS202
03718-0303,AUDIO PANEL TYPE CP,EA,1,AS202
SA.202-19020-01,DISC RUBBER,EA,14,AS202
202-15.625,EXHAUST PIPE,EA,4,AS202
202-11-371,"STRIP, COVER",EA,4,AS202
GE4591,BULB F.28V 100W,EA,12,AS202
202-19.630,DISC RUBBER,EA,0,AS202
202-15.668.11,PLATE,EA,3,AS202
SA202-19011-11G,,EA,0,AS202
202-19.202,DAMPER NOSE GEAR,EA,20,AS202
NEOPREN 5425,"CHANNEL,RUBBER 2,0M",M,18,AS202
202-18.460.25,BOWDEN CONTROL CABLE,EA,0,AS202
202-18-460.25,"BOWDEN,CONTROL CABLE",EA,4,AS202
KA17,ADE SENSE,EA,1,AS202
202-15.653.14,AIR INTAKE,EA,4,AS202
202-19.613,ROCHER ARM LH,EA,0,AS202
75246,FUEL PUMP,EA,4,AS202
164R,STALL WARNING,EA,2,AS202
202-15.153,HOSE,EA,5,AS202
202-18.018.12,FUEL LEVEL SENSOR OUTER RH,EA,0,AS202
F7666A-2,BLADE,EA,3,AS202
ALE-1012NS,BRUSH SET ALTERNATOR,EA,7,AS202
S2334-3,THERMOCOUPLE,EA,0,AS202
A2064-12,NAVIGATION LIGHT,EA,7,AS202
AN 5812,PITOT TUBE 12 VOLTS,EA,1,AS202
202-18.090.17H,HOSE TUBE,EA,2,AS202
2716,OUT SIDE T?,EA,6,AS202
D43143-1-6,CABLE CONTROL,EA,0,AS202
202-19.617,HOUSING LH,EA,1,AS202
61247,COVER ROCKER BOX,EA,10,AS202
1654062-3,TANK,EA,1,AS202
202-15.091.16,ANGLE,EA,2,AS202
202-19.631,DAMPER DISC RUBBER,EA,0,AS202
202-15.663,COOLING BAFFLE REAR RH AS,EA,1,AS202
202-18.017.13,FUEL LEVEL SENSOR ,EA,1,AS202
202-18.017.13,FUEL LEVEL SENSOR INER LH,EA,1,AS202
202-19.647,"CAP, HUB",EA,4,AS202
9541458,HOUSING BRAKE,EA,5,AS202
A-2138-G-12,NAVIGATION LIGHT RH,EA,2,AS202
BOGU 1303,HARNESS,EA,5,AS202
202-15.663.11E,COOLING,EA,1,AS202
74324,"BRAKET,ALTERNATOR",EA,3,AS202
KIT N?25,KIT,EA,1,AS202
202-16.119,ELEVATOR DRIVE AFT ASSY,EA,4,AS202
202-15.040.11,HOSE,EA,27,AS202
202-18-251.32,BRACKET INSTRUMENT,EA,0,AS202
202-18.017.12,FUEL LEVEL SENSOR INNER RH,EA,3,AS202
202-18.018.13,FUEL LEVEL SENSOR OUTER LH,EA,1,AS202
202-15.053.29,ANGLE,EA,2,AS202
202-15.708,COOLING BAFFLE,EA,3,AS202
202-15.706,COOLING BAFFLE,EA,0,AS202
202-18.421,BOX,EA,2,AS202
202-18.460.17,THERMO TUBE,EA,4,AS202
SA.202-13060-02,"TIP,WING RH",EA,2,AS202
202-18.460.18,THERMO TUBE,EA,0,AS202
202-18-460-18,THERMO-TUBE,EA,22,AS202
202-18.460.15,THERMO TUBE,EA,4,AS202
202-13-218.11,REAR SPAR,EA,1,AS202
SA 202-14031-27,SKIN PLATE,EA,1,AS202
202-11.046.1,PLATE FRAME,EA,0,AS202
202-14.441,"FLAP,ASSY LH",EA,0,AS202
444660,OIL PRESSURE GAUGE,EA,8,AS202
MS28741-4-0354,HOSE ASSY,EA,12,AS202
202-15.021.11,AIR FILTER,EA,10,AS202
MS28741-4-0353,HOSE,EA,14,AS202
202-16.171,HANDLE ASSY,EA,1,AS202
AN6-16A,BOLT,EA,0,AS202
NAS1252-616H,"WASHER,FLAT",EA,100,AS202
MS21045L6,NUTSELF LOCKING,EA,52,AS202
145--01000,BUSHING,EA,12,AS202
MS20823-40,ELBOW,EA,4,AS202
202-16.164,KNOB,EA,2,AS202
202-16.200.21,EYE TERMINAL SOCKET ASSY,EA,0,AS202
TLN900S,KNOB,EA,0,AS202
202-19.242,BUSHING,EA,0,AS202
MS 367/C,GASKET,EA,,AS202
MS367/KK,GASKET,EA,7,AS202
MS 367/PQ,GASKET,EA,9,AS202
MS24693-S94,SCREW,EA,60,AS202
MS24693-S98,SCREW,EA,120,AS202
MS21919DF11,RRIDLE,EA,10,AS202
TLN901R,KNOB,EA,2,AS202
MS24621-34,SCREW,EA,,AS202
MS20822-10-12D,RACCORD MS 20,EA,1,AS202
MS20392-2C45,PIN CLEVIS UPER,EA,10,AS202
ST-383,TOOL,EA,1,AS202
LW-12784-4-202,HOSE FUEL INJECTOR,EA,8,AS202
40S41-5-S,STUD ASSY,EA,0,AS202
202-11.330.14,SCREW HEXAGONAL HEAD,EA,0,AS202
AN4C4A,BOLT,EA,8,AS202
202-15 096 12,BOLT,EA,6,AS202
202-15.062.12,RUBBER BAND,EA,15,AS202
01199-0103,ADAPTER ADF 140,EA,0,AS202
A1635-23,"SCREW, HEXAGON HEAD",EA,52,AS202
MS28775-228,PACKING PERFORMED,EA,10,AS202
AN7-37,BOLT MACHINE,EA,0,AS202
17C21191,KEY VALVE EXHAUST,EA,4,AS202
73434,ROD ASSY,EA,2,AS202
NAS1104-8D,BOLT,EA,110,AS202
17C19386,"CAP VALVE STEM , EXHAUST",EA,2,AS202
71549,WACHER VALVE ROCKER,EA,2,AS202
202-19.644,BOLT,EA,12,AS202
LW-12272,LOCK PLATE,EA,2,AS202
40S41-5-6,STUD ASSY,EA,6,AS202
2.0485,TEE PIECE,EA,0,AS202
MS24665-361,PIN COTTER,EA,0,AS202
33-B-760,CONTROL CABLE,EA,0,AS202
VSF7403,REGULATOR,EA,1,AS202
9511269,LINING,EA,0,AS202
446642-36,STRING,EA,6,AS202
CM6283,GASKET,EA,20,AS202
416-50,FILTER OPENING,EA,0,AS202
416-50,CAP,EA,4,AS202
413-K14-LN2-60,CIRCUIT BREAKER,EA,1,AS202
J-10778-2,LORD MOUNT,EA,16,AS202
PG1S ,EXTINGUISHER 1KG,EA,1,AS202
202-18.677,PUMP BOOSTER 24V,EA,3,AS202
VV-625-2,BRAKE CYLINDER,EA,2,AS202
VV-15-625-2,BRAKE CYLINDER,EA,0,AS202
MS20426AD4-10,RIVET,LB,5,AS202
MS20426AD6-10,RIVET SOLID,LB,1,AS202
MS20426AD6-10,RIVET,LB,4,AS202
MS20470AD3-10,RIVET SOLID,LB,2,AS202
MS20470AD5-10,RIVET,LB,1,AS202
MS35790-25,WASHER,EA,60,AS202
MS24693-S27,SCREW,HD,488,AS202
202-18.648.12,WASHER,EA,20,AS202
202-15.601,ENGINE MOUNT,EA,1,AS202
MS35206-229,"SCREW,MACHINE",EA,232,AS202
AS3209-126,PACKING,EA,61,AS202
MS24693S273,SCREW MACHINE,EA,41,AS202
MS27039-0806,SCREW MACHINE,EA,1562,AS202
66610,GASKET,EA,12,AS202
4041110-1,CLAMP,EA,15,AS202
STD-632,WASHER  7/16 PLAIN,EA,24,AS202
GR32B,RETAINER,EA,10,AS202
ST3001-126,"PACKING,PREFORMED",EA,19,AS202
630286,PACKING,EA,13,AS202
51 A2 MA/WD,KNOB VOLUME,EA,33,AS202
06E19769-1 00,GASKET,EA,25,AS202
4S2RS,GROMMET PLATE,EA,21,AS202
951787,RING SEALING,EA,13,AS202
AN6230B2,PACKING,EA,9,AS202
AN6230B3,PACKING,EA,9,AS202
MS28775-224,O-RING,EA,0,AS202
MS28775-225,PACKING PREFORMED,EA,0,AS202
MS21251B5S,TURN BUCKLE BOPY,EA,2,AS202
MS20392-2C13,PIN RIVET STRAIGHT HEADED,EA,20,AS202
MS21919DG3,CLAMP,EA,82,AS202
73136,BRACKET ANGLE,EA,2,AS202
AN176-12,"BOLT, HEXAGON HEAD",EA,0,AS202
MS21919DG6,CLAMP,EA,34,AS202
MS27039-0804,"SCREW, MACHINE",EA,10,AS202
STD-860,SCREW,EA,6,AS202
MS16624-3062,WASHER LOCK,EA,10,AS202
MS20426AD5-10/LB,RINET,LB,1,AS202
MS24665-500,PIN,HD,11,AS202
MS27039C0808,SCREW,EA,261,AS202
MS27039C1-14,SCREW,EA,141,AS202
MS20392-2C9,PIN,EA,24,AS202
MS20392-1C53,PIN STL,EA,2,AS202
MS21251B2L,TURN BUKLE body,EA,0,AS202
MS35206-251,SCREW,EA,59,AS202
MS20392-2C17,PIN,EA,112,AS202
MS20392-2C35,PIN,EA,9,AS202
MS9048-106,PIN,EA,48,AS202
MS9048-140,PIN SPRING,EA,2,AS202
MS171662,PIN,EA,62,AS202
MS20392-1C45,PIN,EA,20,AS202
MS35206-241,SCREW  MACHINE,EA,21,AS202
MS35206-262,SCREW,EA,177,AS202
MS20470AD4-5,"RIVET,SOLID",LB,1,AS202
835-33,SPINNER ASSY,EA,3,AS202
202-12.257,BACK REST ASSY,EA,0,AS202
202-15.094,ENGINE COWLING UPPER,EA,0,AS202
AN310-C3,KRONENMUTER,EA,30,AS202
AMP 163307-4,PIN,EA,23,AS202
AN960-516L,WASHER FLAT,EA,97,AS202
AN929-10,CAP TUBE,EA,0,AS202
20JRS,THRU BOLT,EA,8,AS202
202-16.206,FORK HEAD ASSY,EA,2,AS202
202-16.206.11,TUBE,EA,2,AS202
202-16.206.12,FORK HEAD,EA,2,AS202
202-16-306-16A,CABLE,EA,1,AS202
202-18.460.13,"TUBE,MIXER",EA,0,AS202
H2759-1,LATCH,EA,0,AS202
202-19-203,LINING ?INSERT?,EA,4,AS202
SA.202-19025,"NUT, CASTELLATED",EA,0,AS202
202-15.091.20,ANGLE,EA,2,AS202
202-18.500.01,DIODE,EA,11,AS202
202-16.103-16,SPACER,EA,0,AS202
202-16.103-16A,SPACER,EA,5,AS202
KA51B,INSTALLATION,EA,1,AS202
CCA4350,MICROPHONE ELEMENT,EA,12,AS202
202-18.251.34A,GLASS,EA,1,AS202
202-18-192,PITOT HOLDER,EA,3,AS202
MS21259-4RH,TERMINAL WIRE,EA,20,AS202
202-18-270.15,POTENTIOMETER,EA,3,AS202
202-15.664.14,RUBBER BAND,EA,4,AS202
202-15-064.15D,ELBOW,EA,3,AS202
202-15.668.14,RUBBER BAND,EA,3,AS202
202-18.267.11,COVERING,EA,2,AS202
202-15.052.19,ANGLE,EA,2,AS202
092-01700,PISTON ASSY,EA,4,AS202
202-18.160.12,TUBE,EA,0,AS202
202-18.650.16,HOSE,EA,2,AS202
202-18.520.15,HEAT INSULATOR,EA,5,AS202
73435,ROD ASSEMBLY,EA,4,AS202
202-18.520.19,PROTECTIVE PLATE,EA,13,AS202
202-16.210.21,"STIRRUP ,U-SHAPED",EA,2,AS202
202-19.150.11,NOSE GEAR DRAG STRUT,EA,4,AS202
202-19.214,BUSHING,EA,10,AS202
202-19.209,WASHER,EA,3,AS202
202-18.090.18H,HOSE TUBE,EA,2,AS202
202-19.250A,ARM CONTROL ASSY,EA,3,AS202
202-15.708.14,RUBBER PLATE,EA,2,AS202
202-18.017.14,FUEL LEVEL SENSOR INNER LH,EA,1,AS202
202-16.215.11,TRIM SWITCH,EA,3,AS202
202-13-221A,BRAKET,EA,3,AS202
202-15.021.30,SPACER,EA,7,AS202
202-15.023.21A,TERMINAL STRIP,EA,4,AS202
202-15.041.33,BEARING FLANGED,EA,3,AS202
202-15.041.34,GASKET,EA,3,AS202
202-15.053.22,ANGLE,EA,2,AS202
202-15.053.35,CONNECTION PLATE,EA,3,AS202
202-18.200.11,AIR INLET LH,EA,0,AS202
9521184,POUSHING MOUNTING,EA,18,AS202
202-18.267.12,COVERING,EA,2,AS202
202-16.103-12,CABLE ASSY FORWARD,EA,14,AS202
202-19.208,NUT SELFLOCKING,EA,1,AS202
73161,"SPACER,FUEL INJECT.",EA,2,AS202
FST034.3427,FUSE,EA,42,AS202
FST034-3427,FUSE,EA,0,AS202
212-0477,CLOCK ELECTRIQUE,EA,2,AS202
SA205-4-002-13,END RIB,EA,1,AS202
SA202-19120-11,PIN JOURNAL,EA,,AS202
SA.202-19.120-11,PIN JOURNAL,EA,6,AS202
202-19.108-11A,FLANGE,EA,8,AS202
202-19.026,BUSHING,EA,20,AS202
60398,PLATE VALVE,EA,9,AS202
60028,GUIDE VALVE,EA,4,AS202
202-11-330-13,VENT PLUGS,EA,6,AS202
50003-072,CLAMP,EA,10,AS202
202-19.243,BUSHING,EA,2,AS202
202-19-242,BUSHING,EA,4,AS202
412-K14-LN2-5,CIRCUIT BREAKER,EA,2,AS202
362-DR,OIL TEMPERATURE TRANSMETTER,EA,0,AS202
202-15.621.21,BRAKET,EA,1,AS202
202-15.066.15,SOCKET PIPE,EA,4,AS202
202-15.069E,ANGLE MOUNT,EA,7,AS202
202-15.091.19,ANGLE,EA,2,AS202
X3416,BEARING,EA,0,AS202
SA.205-8.93-11,THREADED NIPPLE,EA,2,AS202
MZ1390,HOUSING,EA,1,AS202
202-11.151.33,BRUSH,EA,139,AS202
MZ298,BEARING,EA,11,AS202
395-6797,BEARING NOSE WHEEL,EA,13,AS202
PN5419,CAP FILLIER,EA,6,AS202
50023-043,BALL CORROSION,EA,5,AS202
202-16.102-11,CABLE,EA,3,AS202
202-18.650.16A,TUBE,EA,3,AS202
202-16.200.23,TUBE,EA,5,AS202
202-19.217,BOLT,EA,1,AS202
202-18-320-15,OIL TANK,EA,2,AS202
202-11.353.12A,PLATE BACK,EA,2,AS202
AN901-8A,"GASKET METAL ,TUBE .",EA,5,AS202
202-13.203.22,BOLT,EA,15,AS202
202-18-460-26,WIRE,EA,2,AS202
202-18.460.22,LIGAREX LOCK,EA,20,AS202
AN3DDH11A,SCREW HEXAGON HEAD,EA,1,AS202
202-11.357.15A,BUSHING,EA,5,AS202
202-11.357.14A,PEN SPRING,EA,1,AS202
202-17.503.24,COVERING,EA,2,AS202
SA205-4-003-13,END RIB,EA,1,AS202
202-16.612,CROSS MEMBER,EA,2,AS202
202-15-667,GUSSET,EA,2,AS202
202-17.269B,OPERATING LEVEL,EA,3,AS202
202-13-103-15C,CABLE,EA,1,AS202
202-11.326.20,CABLE,EA,1,AS202
202-11-326-21A,CABLE,EA,2,AS202
202-11.330.12,BRAKET,EA,11,AS202
202-15.023.26,GASKET,EA,9,AS202
202-15.035A,PIPE CLIP,EA,11,AS202
202-15.032B,PIPE BRACKET,EA,5,AS202
202-15.034,SPRING,EA,3,AS202
202-15.041.16A,VALVE PLATE,EA,3,AS202
202-16.108-18,SLEEVE,EA,8,AS202
202-17.258,EYE BEARING,EA,12,AS202
202-17.258B,EYE BEARING,EA,7,AS202
3080-38,TRANSMITTER,EA,1,AS202
60009,KEY VALVE INTAKE,EA,176,AS202
202-19.261,"WASHER,RUBBER",EA,3,AS202
202-19-273,BUSHING,EA,7,AS202
202-19.274,BOLT,EA,7,AS202
SA.205-8.94-11,GASQUET,EA,2,AS202
202-13.217.23,"FITTING, LAG, REAR SPAR",EA,2,AS202
202-18.520.14,SPRING,EA,1,AS202
202-19.204,GUIDE BOLT,EA,18,AS202
202-19.213B,PLUG,EA,21,AS202
202-16.200.13,COLLAR GUIDE,EA,8,AS202
202-16.200.14,BUSHING,EA,5,AS202
202-13.203.19,"BOLT, HEXAGON HEAD",EA,50,AS202
202-11.357.11,LATCH,EA,3,AS202
202-03020-67,RUBBER BAND,EA,1,AS202
202-18.700.12,FLARED TUBE,EA,5,AS202
202-18-690.49,PLACARD,EA,2,AS202
202-18.700.11,ELBOW,EA,4,AS202
LW-14078,PIN PISTON,EA,22,AS202
CA3036,MICROCIRCUIT LINEAR,EA,10,AS202
202-19.219,BUSHING,EA,6,AS202
202-16.170,PLATE TRACTION,EA,7,AS202
202-13.641.11,PLAT TRUSS LOWER,EA,4,AS202
202-16.172,HANDLE KNOB,EA,1,AS202
202-16.173A,BUSHING,EA,9,AS202
202-11.350.14,CHANNEL,EA,11,AS202
60828,PLUG PISTON PIN,EA,10,AS202
202-15.708.13,RUBBER HAND,EA,7,AS202
X3991,BEARING,EA,15,AS202
XA997,BEARING,EA,2,AS202
XA998,BEARING,EA,2,AS202
SLR2286-2,HALTERING,EA,47,AS202
202-18.014,FILLER,EA,1,AS202
202-18-023,SUCTION PIPE,EA,10,AS202
202-18-024,DRAIN,EA,1,AS202
202-18-09012-P1,HOSE,EA,2,AS202
202-11.329.14,LOCK,EA,1,AS202
SA.202-18112-42,CHANNEL RUBBER,EA,1,AS202
MS21260S4RH,TERMINAL,EA,19,AS202
MS21260S5RH,TERMINAL WIRE,EA,38,AS202
202-19.274A,BOLT,EA,4,AS202
202-19.608,GUIDE ROD,EA,4,AS202
SA.202-13060-19,LOW WING DETECTOR,EA,23,AS202
202-18-690.50,PLACARD,EA,4,AS202
202-18.650.17,HOSE,EA,2,AS202
202-19-150-12,BOLT,EA,9,AS202
73346,FLANGE,EA,15,AS202
440460,AMPERMETRE,EA,2,AS202
202-13.203.21,BOLT,EA,23,AS202
202-13.203.20,"BOLT, HEXAGON HEAD",EA,50,AS202
202-11.357.25,LOCKING MECANISME,EA,5,AS202
MHB-2012S,BRUSH SET,EA,3,AS202
202-19-114-13,BUSHING,EA,11,AS202
202-11-357-18B,FAIRING,EA,2,AS202
202-11.357.12,ECCENTER,EA,4,AS202
SA205-4-003-18,FILLER,EA,2,AS202
SA.202-13030-11,SECTOR LH,EA,1,AS202
202-11.357.21D,GUIDANGE,EA,1,AS202
FST034-3414,FUSE 500 MA,EA,20,AS202
202-16.174.12,WASHER,EA,9,AS202
200-16.200.17,EYE TERMINAL BALL,EA,1,AS202
202-16.200.21/2,TUBE,EA,2,AS202
202-16.203B,CONTROL ROD,EA,1,AS202
MS405/KK/10,STUD RING,EA,8,AS202
MS405/PQ/10,STUD RING,EA,0,AS202
202-11.338,TUBE DRAIN,EA,1,AS202
202-15.036A,HEAT INSULATOR,EA,4,AS202
202-15.041.17,AXLE,EA,5,AS202
202-15.041.18,BUSHING,EA,12,AS202
202-15.041.30,LEVER,EA,1,AS202
202-11-151 34,HOLDER BRUSH,EA,176,AS202
6246-00219,OIL PRESSURE INDICATOR,EA,3,AS202
MS20667-4,TERMINAL,EA,40,AS202
MS20658-4,TERMINAL WIRE,EA,20,AS202
202-18-251-11/14,PLACARD,EA,3,AS202
202-18-266.36,PLACARD,EA,5,AS202
202-18-266.52,PLACARD,EA,5,AS202
202-18-266.32,PLACARD,EA,5,AS202
202-18.432,FLAP,EA,1,AS202
202-18-966,CABLE SET FOR BATTERY,EA,0,AS202
202-15.063.16,TUBE ELBOW,EA,4,AS202
202-18.694,FUEL SELECTOR,EA,6,AS202
73434,ROD ASSY,EA,5,AS202
202-15.063.16,ROD ASSY,EA,5,AS202
202-19.244,BUSHING,EA,0,AS202
202-19-012B11,BUSHING,EA,13,AS202
202-16.163,THROTTLE LEVER,EA,4,AS202
202-19.627,BUSHING,EA,0,AS202
202-16.151.15C,GATE PLATE,EA,2,AS202
9524343,HEAD CYLINDER,EA,5,AS202
202-16-306-17A,CABLE,EA,4,AS202
202-03020-73,RUBBER BAND,EA,1,AS202
MS28741-4-0197,HOSE,EA,0,AS202
MS9048-172,PIN,EA,96,AS202
N403.56.015/132,NUT SPEED,EA,600,AS202
SA205-4-003-12,NOSE RIB,EA,1,AS202
202-15.092.21,FILTER FRAME,EA,3,AS202
202-11.484.13,SPACER,EA,1,AS202
202-13.641.12,PLAT TRUSS UPPER,EA,4,AS202
205838-1,CONNECTOR PLUG ELEC,EA,1,AS202
205841-2,COUPLING,EA,6,AS202
202-15.021.12H,DIFFUSER,EA,1,AS202
202-15.022.11,COVERING,EA,4,AS202
202-16.125,DRIVE SHAFT ASSY RH,EA,3,AS202
202-15-107-12,RUBBER BAND,EA,20,AS202
202-16-095-03A,CABLE,EA,1,AS202
202-16-096-04B,CABLE,EA,1,AS202
202-16.363,CABLE,EA,4,AS202
1545T100-14V,LINEAR ACTUATOR,EA,5,AS202
202-16.649,STEERING DAMPER.LH,EA,3,AS202
TYPE DZ-55/L738,BOWDEN CABLE,EA,7,AS202
202-15.663.11A,COOLING BAFFLE,EA,1,AS202
9524218,PACKING WITH RETAINING,EA,30,AS202
MS28741-6-0284,HOSE ASSY,EA,0,AS202
MS21919DG8,CLAMP,EA,212,AS202
MS21919DG4,CLAMP,EA,153,AS202
D2201-17,PROPELLER HUB,EA,1,AS202
202-18.444,THERMO TUBE,EA,3,AS202
202-11.339,COVER ASSY,EA,1,AS202
55980-00101,TRAY SUPPORT,EA,2,AS202
33-B-1070,CABLE CONTROL,EA,1,AS202
091-02200,CYLINDER ASSY,EA,4,AS202
202-11.350.12,SLINDING,EA,1,AS202
202-19.218,RUBBER,EA,37,AS202
202-18.445,THERMO TUBE,EA,4,AS202
202-11.337,BATTERIE BOX,EA,3,AS202
202-15.626,PIPE,EA,7,AS202
202-15.052.16,ANGLE,EA,1,AS202
162-036-00,HALF WHEEL,EA,1,AS202
202-16.102-14,CABLE,EA,6,AS202
202-18.520.13,MOUNTING SUPPORT,EA,5,AS202
NS3G020-1-1525,CHANNEL RUBBER,EA,2,AS202
202-18-259,INSTRUMENT CLUSTER,EA,12,AS202
D9-18-1,FILTER,EA,42,AS202
202-15.024,EXHAUST TAIL PIPE,EA,0,AS202
202-15.091.24,ANGLE,EA,2,AS202
MS21919DF16,CLAMP,EA,273,AS202
202-15.628,PIPE,EA,4,AS202
202-11.328A,COVER ASSY,EA,2,AS202
202-16.152,COVER FAIRING,EA,0,AS202
22216,ADAPTER ASSY,EA,5,AS202
202-18.520.17,PERSPEX,EA,8,AS202
202-18.693,FUEL COCK,EA,23,AS202
202-16.361,CABLE,EA,2,AS202
LW-12798-4S-334,HOSE ASSY,EA,2,AS202
202-17.261,STRIP COVER,EA,1,AS202
75089,PISTON 8.50:1 COMP. RATIO,EA,10,AS202
395-24201,INBOARD WHEEL,EA,1,AS202
202-16.208,COVERING,EA,1,AS202
202-19.230,ROCKER ARM ASSY,EA,2,AS202
202-16.124,DRIVE SHAFT ASSY LH,EA,4,AS202
202-16-095-05A,CABLE,EA,1,AS202
202-11-622-11,COVERING,EA,1,AS202
MS35489-23,GROMMET,PG,170,AS202
FCN200,ANTENNA VOR,EA,5,AS202
C885-4,ADAPTOR RING,EA,2,AS202
202-18.460.20,THERMO TUBE,EA,14,AS202
202-19.220,ROD GUIDE ASSY,EA,10,AS202
202-16.103-15,CABLE LH,EA,2,AS202
202-16.107.12,CABLE,EA,2,AS202
202-16.102-13,"CABLE CONTROL,UPPER",EA,4,AS202
202-18.260.14,FUEL QUANT GANGE,EA,2,AS202
202-16.364,CABLE LH AND RH,EA,2,AS202
202-18-55,GEAR SIMILATOR,EA,3,AS202
SA.202-3-040,RIP 5,EA,1,AS202
202-15.041,VALVE HAUSING ASSY,EA,3,AS202
202-19.240B,PIVOT,EA,2,AS202
A48C,FILTER,EA,0,AS202
202-15.031,HOSE PIPE,EA,2,AS202
75030,"SUPPORT ASSY,STARTER RING",EA,1,AS202
202-16-353A,VERIN,EA,1,AS202
M83461/1-24,SEAL ORING,EA,2,AS202
MS28741-4-0233,HOSE,EA,2,AS202
MS21251-3S,BARREL,EA,1,AS202
202-18.650.21,HOSE,EA,2,AS202
075-03700,TORQUE PLATE ASSY,EA,6,AS202
154-00300,RING GREASE SEAL,EA,32,AS202
202-16.730,EXTENSION,EA,19,AS202
202-19-233,BUSHING,EA,3,AS202
202-19.233,BUSHING,EA,15,AS202
153-00400,RING-GREASE SEAL,N,3,AS202
20TC2-AC-10,CIRCUIT BREAKER,EA,10,AS202
202-19.645,BOLT,EA,12,AS202
AN310-4,"NUT,PLAIN,CASTELLAT",HD,230,AS202
8406J,OIL COOLER,EA,2,AS202
8406R,OIL COOLER,EA,0,AS202
1028-B,BALL 11/16,EA,0,AS202
202-15.068.15,,EA,0,AS202
202-18.972,RELAY UNDER VOLTAGE 24 V,EA,0,AS202
202-15.041.36,SQUAR HEAD(BOLT),EA,0,AS202
STD-425,"WASHER,N?10 PLAIN",EA,0,AS202
442.829,TEMPERATURE INDICATOR,EA,1,AS202
202-18.867,RELAY BOX,EA,0,AS202
442.829,TEMPERATURE INDICATOR,EA,1,AS202
202-12.255.15,PIN LOCATING,EA,0,AS202
202-11.355.16,BUSHING,EA,0,AS202
MS21045-L7,NUT,EA,20,AS202
202-16.740.38,BEARING BALL,EA,0,AS202
202-19.646,WASHER,EA,12,AS202
202-15.070,WEB,EA,0,AS202
06E19769-1-25,GASKET,EA,0,AS202
202-15.091.37,STRUT ASSY,EA,0,AS202
202-13.334.11,CHANNEL,EA,0,AS202
202-18.460.23,BOWDEN CONTROL CABLE,EA,0,AS202
202-18.010.13,GASKET,EA,0,AS202
202-13.334.12,CHANNEL,EA,0,AS202
50004-111,PACKING PERFORMED,EA,0,AS202
202-15.041.37,PLATE LOCKING,EA,0,AS202
202-18.180.32,HOSE,EA,0,AS202
202-18.180.31,HOSE,EA,0,AS202
202-18.180.34,HOSE,EA,0,AS202
202-18.160.14,TUBE,EA,0,AS202
202-11.022.15,HOOK,EA,0,AS202
202-18.690.41,TUBE,EA,0,AS202
STD-670,NUT SELF LOCKING,EA,5,AS202
AN960C416,WASHER,EA,0,AS202
202-18.370.17,PLATE REINFORCING,EA,1,AS202
202-18.320.15.6,GASKET,EA,8,AS202
202-16.169,PLATE FRACTION,EA,7,AS202
202-15.642.14,BOLT HEXAGONAL,EA,32,AS202
202-18.320.40,TUBE,EA,0,AS202
202-18.320.21,TUBE,EA,0,AS202
202-18.320.29,TUBE,EA,0,AS202
202-16.102.16,CABLE CONTROL UPPER,EA,5,AS202
SA.202-13013-29,STRAP BUTT LOWER,EA,1,AS202
202-16.323,CONTROL ROD LH ASSY,EA,4,AS202
202-19.619,BOLT,EA,36,AS202
C81Q,DUAL INDICATOR,EA,0,AS202
202-16.323.11,CYLINDER LH,EA,0,AS202
202-16.324,CONTROL ROD RH ASSY,EA,4,AS202
10-357210-1,SWITCH LOCK IGNITION,EA,0,AS202
202-15.061,COOLING  BAFFLE  L.H  ASSY,EA,0,AS202
202-17.450,DRIVE SHAFT ASSY,EA,,AS202
202-16.102-12,CABLE,EA,3,AS202
AN176-14,BOLT,EA,58,AS202
LW-11800,SPRING VALVE OUTER,EA,4,AS202
LW-11795,SPRING VALVE INNER,EA,0,AS202
202-15.663.12,REINFORCEMENT,EA,5,AS202
202-18.160.11,TUBE,EA,0,AS202
202-18.160.15,TUBE,EA,0,AS202
MZ2397S,FRAME,EA,10,AS202
ALY8420,ALTERNATOR 12V,EA,0,AS202
202-15.076,TUBE,EA,2,AS202
202-19.210,LANDING GEAR STRUT ASSY,EA,5,AS202
202-17.570,DRIVE ARM ASSY,EA,4,AS202
73857,RING PISTON OIL REGULATIN,EA,8,AS202
73818,GASKET,EA,111,AS202
MS21042-08,NUT,EA,100,AS202
IFR5-12-2,ACCELEROMETER,EA,1,AS202
8 042 703-1,TURN AND BANK IND,EA,1,AS202
76026,BELT,EA,14,AS202
202-18.450.23,BOWDEN CONTROL,EA,0,AS202
153-00300,SEAL,EA,18,AS202
30-63A,BRAKE ASSY,EA,0,AS202
202-18.460.16,THERMO,EA,16,AS202
202-19-625,MAIN GEAR LH,EA,1,AS202
LW-19001,VALVE EXHAUST,EA,0,AS202
214-16ND,RECEPTACLE,EA,16,AS202
202-18.460.12,TUBE OUT L ET RH,EA,10,AS202
202-15.063.15,RUBBER BAND,EA,0,AS202
202-15.064.14,rubber band,EA,0,AS202
01662-0103,INDICATOR ADF 101,EA,2,AS202
MS24665-287,PIN COTTER,EA,303,AS202
211-CC,VACUUM PUMP,EA,0,AS202
3A32.22.20F,ALTIMETER,EA,0,AS202
1303/2700/5303,5 POINTS HARNESS,EA,8,AS202
CHRISTEN 802,VALVE OIL,EA,3,AS202
202-19-626,MAIN GEAR RH,EA,1,AS202
230-20-00-1210,AIRSPEED INDICATOR,EA,2,AS202
320-00-1210,RATE OF CLINB IND,EA,2,AS202
3A51.22.20F,ALTIMETER,EA,1,AS202
4A16-12-20F,RATE OF CLIMB IND.,EA,4,AS202
202-15.066.17,RUBBER  BAND,EA,0,AS202
202-15.065.14,RUBBER BAND,EA,19,AS202
202-15.068.14,RUBBER  BAND,EA,0,AS202
2600-11W,STUD ASSSEMBLY,EA,2,AS202
202-18.650.20,HOSE,EA,0,AS202
MS20426AD5-4,RIVET,LB,2,AS202
NEOPREN GM 1818,"CHANNEL RUBBER 0,85 M",ME,16,AS202
3AQ8-17V,INSTR 4 EN UN JAUGEUR,EA,1,AS202
74070,ELBOW,EA,20,AS202
254-1S,DIRECTIONAL GYRO,EA,2,AS202
202-18.431,BOX,EA,6,AS202
202-15.666.11,PLATE,EA,8,AS202
202-15.627,PIPE,EA,2,AS202
MHB4016R,STARTER,EA,0,AS202
210-5A,DIRECT GYRO,EA,1,AS202
1G3-10,SUCTION GAUGE 24VOLT,EA,5,AS202
202-19-216,BUSHING,EA,20,AS202
202-19.216,BUSHING,EA,16,AS202
135140-00-141,GYRO HORIZON,EA,3,AS202
1564T100-13,MOTOR DRIVE,EA,1,AS202
S210-08114-11,STEEL BAND,EA,2,AS202
202-18.973,RELAY UNDER VOLTAGE,EA,0,AS202
202-18-973,RELAY UNDER VOLTAGE,EA,9,AS202
202-16.355,MOTOR ASSY 12V,EA,2,AS202
NAV12,RECEIVER VOR 12VOLT,EA,3,AS202
202-18.700.35,HOSE,EA,8,AS202
202-15.092.25,FILTER MAT,EA,6,AS202
202-15.092.26,FILTER,EA,9,AS202
04-1100-0014,POWER SUPPLY,EA,2,AS202
IC-AMP765,INTERCOMM AMPLIFIER 14V,N,4,AS202
IC-AMP765A,INTERCOMM AMPLIFIER,EA,1,AS202
UGR-2A,VOR CONVERTER 12V,EA,4,AS202
UGR 3,RECEIVER GLIDE SLOP,EA,1,AS202
C145-250E,MOTORF0RDRIVEMECH24V,EA,2,AS202
MKR 101R,RECEIVER MARKER,EA,4,AS202
40-97A,WHEEL  ASSY,EA,2,AS202
202-15.061.12,RUBBER  BAND,EA,0,AS202
202-03020-79,RUBBER BAND,EA,2,AS202
202-15.664,COOLING BAFFLE REAR AH ASSY,EA,5,AS202
202-11.151.13,PLATE FLOOR,EA,0,AS202
202-11.151.14,PLATE FLOOR,EA,0,AS202
202-11.151.15,PLATE FLOOR,EA,0,AS202
202-11.151.16,PLATE FLOOR,EA,0,AS202
74230,GUIDE VALVE EXHAUST,EA,6,AS202
202-13.304,COVER ASSY,EA,2,AS202
DMC63-2,ANTENNA VHF2,EA,2,AS202
202-18.015.12,STUDRING,EA,3,AS202
S210-08114-13,STEEL BAND,EA,2,AS202
205-03020-71,RUBBER BAND,EA,2,AS202
202-17.462,SKIN NOSE,EA,0,AS202
10-720510-1,HARNESS ASSY IGNITION,EA,9,AS202
103-20400,BOLT,EA,30,AS202
MS21044N8,NUT SELF L0CKING,EA,974,AS202
AN316-5R,NUT,EA,99,AS202
AN6230B10,GASKET,EA,145,AS202
A-2067,STUD,EA,24,AS202
AN310-6,"NUT,PLAIN",EA,354,AS202
50-16,STUD PLAIN,EA,49,AS202
71623,WASHER OIL COOLER FITTING,EA,9,AS202
AN310C4,NUT,EA,187,AS202
MS21042-04,NUT,EA,164,AS202
A-2069,NUT,EA,21,AS202
50-15,STUD PLAIN,EA,24,AS202
STD-2090,NUT,EA,50,AS202
MS35649-265T,"NUT,PLAIN,HEXAGON",HD,100,AS202
A1639-3,NUT,EA,44,AS202
22FH-428,NUT,EA,10,AS202
MS21059L3K,NUT PLATE,EA,0,AS202
STD 872,NUT,EA,2,AS202
202-18.011.11,RUBBER TANK LH,EA,1,AS202
12-GCAB-9,BATTERY,EA,12,AS202
092-315-0,TUBE MAIN WHEEL,EA,25,AS202
6.00X6,TUBE MAIN WHEEL,EA,11,AS202
600X6,TUBE MAINWHELL,EA,10,AS202
PS6-9,BATTERY GILL 12V,EA,0,AS202
092-312-0,NOSE TIRE,EA,5,AS202
070-314-0,TIRE,EA,65,AS202
6.00X6 6-PLY,TIRE MAIN WHEEL,EA,0,AS202
5.00X5 6PLY,TIRE  NOSE,EA,6,AS202
SA.202-18112-02,TANK ASSY RH,EA,1,AS202
202-13.421,FAIRING ASSY UPPER,EA,0,AS202
202-13.422,FAIRING ASSY UPPER,EA,0,AS202
202-18 017 13,FUEL LEVEL SENSOR INNER L,EA,1,AS202
202-19 630,DISC RUBBER,EA,20,AS202
MS28741-6-0204,HOSE ASSY NONME,EA,2,AS202
AN816-4D,NIPPLE ,EA,9,AS202
1683,LAMP INCANDESCENT,EA,0,AS202
010-00836-21,GPS AVIATION AERA 550 GER,N,,AS202
01151-0106,RECEIVER VOR 24 VOLTS,EA,0,AS202
01185-0102,TRANSM.RECEIVER COM 11B,EA,0,AS202
01185-0103,RECEIVER ADF140,EA,0,AS202
03-1000-0002,FLASH LIGHT,EA,0,AS202
04-1100-0028,POWER SUPPLY 24V,EA,0,AS202
04-1104-0028,POWER SUPPLY,EA,0,AS202
06E19769-1.25,GASKET,EA,0,AS202
095-10500,WASHER,EA,0,AS202
10 2421 9900,M CHANNEL RUBBER,ME,0,AS202
1042-17A,VOLTAGE REGULATOR,EA,0,AS202
164,STALL WARING,EA,0,AS202
19-357210-01,IGNITION SWITCH,EA,,AS202
1K8-6-8,ELBOW,EA,0,AS202
202 TC2-AC-5,CIRCUIT BREAKER,EA,0,AS202
202-1.306.16,CABLE ASSY FORWARD,EA,0,AS202
202-11.151.53.55,CARPETASSY,EA,,AS202
202-11.328,COVER ASSY,EA,0,AS202
202-11.329.11,BRAKET,EA,0,AS202
202-11.333,BRACKER FOR,EA,0,AS202
202-11.334.11,BEACAN,EA,0,AS202
202-11.335.16,BUSHING,EA,,AS202
202-11.350,HOOD PERSPEX ASSY,EA,0,AS202
202-11.350.11,HOOD PERSPEX,EA,0,AS202
202-11.351,WINDSHIELD,EA,0,AS202
202-11.357.19,HANDLE INNER,EA,0,AS202
202-11.357.20,HANDLE  OUTER,EA,0,AS202
202-11.357.22,PLATE CLAMPING,EA,0,AS202
202-11.367.11,SUPPORT PULLEY,EA,0,AS202
202-11-35714,SPRING,EA,0,AS202
202-12.202.37,COVER SEAT BACK,EA,0,AS202
202-12.257.15,PLATE ANCHOR,EA,0,AS202
202-15 092.25,FILTER,EA,0,AS202
202-15.023.30,HEAT EXCHANGER,EA,0,AS202
202-15.037,NUT,EA,0,AS202
202-15.041.35,LOCKING PLATE,EA,0,AS202
202-15.052.24,ANGLE,EA,0,AS202
202-15.062,COOLING BAFFLE,EA,0,AS202
202-15.063,COOLING BAFFLE REAR RH,EA,0,AS202
202-15.064,COOLING BAFFLE REAR CENTER LH ASSY,EA,0,AS202
202-15.065,COOLING BAFFLE LEFT,EA,0,AS202
202-15.091,ENGINE COWLING UPPER ASSY,EA,0,AS202
202-15.095,ENGINE COWLING LOWER,EA,0,AS202
202-15.106,COOLING BOFFLE LH ASSY,EA,0,AS202
202-15.106.12,RUBBER BAND,EA,0,AS202
202-15.107,cooling baffle rh assy,ea,0,AS202
202-15.107.12,RUBBER BAND,EA,0,AS202
202-15.108.14,RUBBER BAND,EA,0,AS202
202-15.150.10,HOUSING INLET,EA,0,AS202
202-15.151,HOUSING INLET,EA,,AS202
202-15.665,COOLING BAFFLE OUTER,EA,0,AS202
202-15.666,COOLING BAFFLE RH,EA,0,AS202
202-15.668,COOLING BAFFLE FRONT L.H ASSY,EA,0,AS202
202-15.668B,COOLING BAFFLE FRONT LH ASSY,EA,0,AS202
202-15.681,BRAKET ASSY,EA,0,AS202
202-15-030,PIPE CLIP,EA,0,AS202
202-15-05231,PNHAPE,EA,0,AS202
202-16.123,RUDDERANT PEDAL MECHANIC,EA,0,AS202
202-16.123.11,BEARING SHELL,EA,0,AS202
202-16.123.12,BEARING SHELL,EA,0,AS202
202-16.131,BEARING SHELL,EA,0,AS202
202-16.132,BEARING SHELL,EA,0,AS202
202-16.151.20.1,COVER,EA,0,AS202
202-16.161,LEVER PITCH CONTROL PROPLLER,EA,0,AS202
202-16.162,MIXTURE LEVER,EA,0,AS202
202-16.177,THROTTLE LEVER ASSY LH,EA,0,AS202
202-16.215,HANDLE CONTROL,EA,0,AS202
202-16.216,RUDDERRANT PEDAL MECHANIC,EA,0,AS202
202-16.307.13,JAN  NUT,EA,0,AS202
202-16.356,MOTOR ASSY 24V,EA,0,AS202
202-16.611A,CROSS MEMBER,EA,0,AS202
202-16.650,STEERING DAMPER RH,EA,0,AS202
202-16ND,RECEPTACLE,EA,0,AS202
202-17.233,TIP STABILIZER,EA,0,AS202
202-18.010.11,RUBBER TANK AKRO,EA,0,AS202
202-18.010.17,WIRE EARTHING,EA,0,AS202
202-18.108.14,RUBBER BAND,EA,0,AS202
202-18.180.30,HOSE,EA,0,AS202
202-18.180.33,HOSE,EA,0,AS202
202-18.202.21,THERMO TUBE,EA,0,AS202
202-18.202.26,TUBE,EA,0,AS202
202-18.220.13,TUBE,EA,0,AS202
202-18.220.14,TUBE,EA,0,AS202
202-18.220.15,TUBE,EA,0,AS202
202-18.251.36,INDICATOR,EA,0,AS202
202-18.260.18,TRIM POSITION IND,EA,0,AS202
202-18.270.16,POTENTIOMETER,EA,0,AS202
202-18.274.13,AIR SPEED INDICATOR,EA,0,AS202
202-18.289.11,DIRECTIONAL GYRO,EA,0,AS202
202-18.295.12,LEVER,EA,0,AS202
202-18.295.16,POTENTIOMETER,EA,0,AS202
202-18.324,PARKING BRAKE VALVE,EA,0,AS202
202-18.3P15,JUMPER,EA,0,AS202
202-18.460.26,WIRE,EA,0,AS202
202-18.460-23,"BOWDEN ,CONTROL CABLE",EA,0,AS202
202-18.686,"PUMP,BOOSTER 12V",EA,0,AS202
202-18.695,BOOSTER OUMP,EA,0,AS202
202-18.696,BOOSTER  PUMP,EA,0,AS202
202-18.698,SELECTOR VALVE,EA,0,AS202
202-18.863,PLATE FUSE AMMETER,EA,0,AS202
202-18.871,PLUG MOUNTING PLATE,EA,0,AS202
202-18.971,BATTERY RELAY,EA,0,AS202
202-18.974,STARTER RELAY,EA,0,AS202
202-18-010-14,NUT,EA,0,AS202
202-18-274-13,AIR SPEED INDICATOR,EA,0,AS202
202-18-284.11,SUCTION GAUGE,EA,0,AS202
202-18-300P15,JUMPER,EA,0,AS202
202-18-974,STARTER RELAY,EA,0,AS202
202-19.150.12,BOLT,EA,0,AS202
202-19.201,NOSE GEAR COMPLET,EA,0,AS202
202-19.260,WASHER RUBBER,EA,0,AS202
202-19.273,BUSHING,EA,0,AS202
202-19-250A,"ARM,CONTROL ASSY",EA,0,AS202
210609,GOVERNOR,EA,0,AS202
21-1000-13,MANO DE PRESSION,EA,0,AS202
21682A,MOUNT SHOCK,EA,0,AS202
300-14,ARTIFICIAL HORIZON,EA,0,AS202
333-B,TEMPERATURE TRANSMETTER,EA,0,AS202
39532926,WHEEL ASSY NOSE WHEEL,EA,0,AS202
442-829,TEMPERATURE INDICATIOR,EA,0,AS202
45247,FUEL PUMP,EA,0,AS202
487616,STUDS,EA,0,AS202
50004-111,O'RING,EA,0,AS202
5A16.12.20K.A,INDICATOR AIR SPEED,EA,0,AS202
5A16.12-35MA,AIR SPPED INDICATOR,EA,0,AS202
74068,RING OIL LEVEL SEAL,EA,0,AS202
74556,FUEL INJECTOR,EA,0,AS202
75280,MANIFOLD ASSY FUEL,EA,0,AS202
77611,GASKET EXHAUST,EA,0,AS202
8.042.703.1,INDICATOR TURN AND BANK,EA,0,AS202
80395,MOTEUR,N,0,AS202
8907-001,CONTAINER PRESSURE ACCUMU,EA,0,AS202
9511271,LINING ANOUIL,EA,0,AS202
9511271-2,LINING,EA,0,AS202
9532181,BRAKE ASSY,EA,0,AS202
9532277,"DISC,BRAKE",EA,0,AS202
9532522,WHEEL ASSY MAIN WHEEL,EA,0,AS202
A7512-12,BULB,EA,0,AS202
AE10-360-B1F,MOTEUR CYCOMMY,EA,0,AS202
AEIO-360-B1F,MOTEUR LYCOMING,EA,0,AS202
ALT8421,ALTERNATOR 24VOLT,EA,0,AS202
ALU-1045BS,"BRUSH, HOLDER AND SPRING A",EA,0,AS202
ALY8403,ALTERNATEUR 12V,N,1,AS202
AN4C11,BOLT,EA,0,AS202
AN960-10L,WASHER,EA,0,AS202
C-1904-3,DOME,EA,0,AS202
CHRISTEN 804-A,FITTING SUMP,EA,0,AS202
CHRISTEN 810-R,ELBOW,EA,0,AS202
CHRISTEN 810-S,TEE,EA,0,AS202
CHRISTEN820,"HARNESS, SAFETY, ASSY",EA,0,AS202
COM810/R+TSO,E/R COM810,EA,0,AS202
CP 126A,AUDIO PANEL,EA,0,AS202
CP135,AUCHIO PANEL,EA,0,AS202
CP136,AUDIO PANEL,EA,0,AS202
DZ55/2-G1382,"CONTROL CABLE,FLEXBALL,AS",EA,0,AS202
DZ55/2-G955,CONTROL CABLE,EA,0,AS202
E/R VHF COM 810+R,E/R VHF,N,1,AS202
EBB-75A,BENDIX DRIVE,EA,0,AS202
GE1141,BULB,EA,0,AS202
HC-C2YK-1BF,PROPELLER,EA,0,AS202
KIT N?16,CONVERSION KIT (WEEL),EA,0,AS202
LW-12427,CYLINDER,EA,0,AS202
LW-31-0.94,BOLT,EA,0,AS202
MP 10,CONVERTER,EA,0,AS202
MS21047-3,NUT SELF LOCKING,EA,0,AS202
MS24693BB51,SCREW,EA,0,AS202
MS28741-4-0154,HOSE ASSY NOM MET,EA,0,AS202
MS28741-4-0232,HOSE,EA,0,AS202
MS28741-4-0284,HOSE,EA,0,AS202
MS28741-6-0152,HOSE ASSY,EA,0,AS202
MS28741-6-0204,HOSE ASSY,EA,0,AS202
MS28741-6-0464,HOSE ASSY,EA,0,AS202
MS28741-6-0470,HOSE,EA,0,AS202
MS28741-8-0455,HOSE,EA,0,AS202
MS28741-8-0494,HOSE,EA,0,AS202
MS35206-244,"SCREW,MACHINE",EA,0,AS202
MX-11R,RECEIVER TKM MICHEL,EA,0,AS202
NAV121,NAV121 RECEPTEUR VOR,EA,0,AS202
NAV122,RECEPTEUR,EA,0,AS202
NEOPREN 0451,CHANNEL RUBBER,EA,0,AS202
NEOPREN 0539429900,"CHANNEL  1,9",EA,0,AS202
NEOPREN 110,"CHANNEL RUBBER 1,9M",M,0,AS202
NEOPREN GN110,"CHANNEL RUBBER 1,9M",EA,0,AS202
RT-11,TACHOMETER WITCH LOG,EA,0,AS202
SA.202-13013-27,STRAP BUTT EPPER,EA,0,AS202
SA.202-18112-34,SENSOR FUEL LEVEL,EA,0,AS202
SA.202-18191-02,PITOT ASSY,EA,0,AS202
SA.202-19123-11,WASHER,EA,0,AS202
SA.202-19128-11,"CAP,HUB",EA,0,AS202
SK202-1445-11,SUPPORT MOUNTING,EA,0,AS202
SK202-1445-12,SUPPORT RETAINING,EA,0,AS202
SK202-2010,MODIFICATION KIT INST,EA,0,AS202
SST4H-CC,STRAP TIE DOWN ELECT,EA,0,AS202
ST34501,HOSSING PIN,EA,0,AS202
ST-71,FIXTURE GAGE ADAPTER,EA,,AS202
STD-125,WASHER,EA,,AS202
STD-35,WASHER,EA,0,AS202
STD-690,WASHER,EA,0,AS202
TYPE DZ-55,BOWDEN CABLE FLEXIBLE,EA,0,AS202
TYPEDZ-55,BOWDEN CABLE FLEXBALL,EA,0,AS202
X17620,RELAY OVER VOLTAGE 24 VOLT,EA,0,AS202
MS24621-17,SCREW,EA,165,AS202 
MS20219-1,PULLEY,EA,7,AS202 
MS35489-11,GROMMET NON METALLIC,EA,457,AS202 
AN386-3-15,"PIN,TAPERED THREAD",EA,0,AS202 
MS24665-368,PIN,EA,9,AS202 
NAS1739B4-5,RIVET BLIND,HD,10,AS202 
MS20220-1,PULLEY GROOVE,EA,58,AS202 
AN4-10,BOLT,EA,77,AS202 
MS21045L16,NUT SELF LOCKING,EA,5,AS202 
AN960-6,WASHER FLAT,EA,1300,AS202  
NAS679A5,NUT SELF LOCKING,EA,64,AS202  
AN4C10,BOLT,EA,11,AS202  
NAS1739B4-3,RIVET BLIND,HD,1,AS202  
AN960PD1016L,WASHER,EA,70,AS202  
AN960C416L,WASHER,HD,78,AS202  
STD684,NIPPLE STRAIGHT 3/8 IN.,EA,10,AS202  
MS27039-0805,SCREW,EA,874,AS202  
MS24665-495,COTTER PIN,EA,40,AS202  
MS27039-4-10,"SCREW,MACHINE",EA,338,AS202  
MS21042L6,NUT,EA,800,AS202  
383B,NUT PLAIN 3/8-24,EA,2,AS202  
AN320-4,NUT,EA,54,AS202  
AN6230B6,PACKING,EA,0,AS202  
GE1816,BULB,EA,0,AS202  
NAS1738B5-4,RIVET,HD,0,AS202  
